11/22/2004 0:30,61491.512
11/22/2004 1:30,55463.324
11/22/2004 2:30,49658.133
11/22/2004 3:30,45066.497
11/22/2004 4:30,39938.616
11/22/2004 5:30,37518.327
11/22/2004 6:30,37667.338
11/22/2004 7:30,41410.384
11/22/2004 8:30,59453.567
11/22/2004 9:30,85732.707
11/22/2004 10:30,99485.714
11/22/2004 11:30,109657.701
11/22/2004 12:30,113513.696
11/22/2004 13:30,122772.135
11/22/2004 14:30,122664.463
11/22/2004 15:30,120957.82
11/22/2004 16:30,112710.782
11/22/2004 17:30,102011.78
11/22/2004 18:30,93463.702
11/22/2004 19:30,89273.093
11/22/2004 20:30,84388.795
11/22/2004 21:30,81028.234
11/22/2004 22:30,79151.756
11/22/2004 23:30,75475.127
11/23/2004 0:30,69695.122
11/23/2004 1:30,61426.173
11/23/2004 2:30,55148.967
11/23/2004 3:30,49963.178
11/23/2004 4:30,46288.304
11/23/2004 5:30,43460.824
11/23/2004 6:30,43872
11/23/2004 7:30,46920.245
11/23/2004 8:30,64800.154
11/23/2004 9:30,90777.868
11/23/2004 10:30,102356.462
11/23/2004 11:30,113912.899
11/23/2004 12:30,119409.565
11/23/2004 13:30,125058.79
11/23/2004 14:30,122651.869
11/23/2004 15:30,119779.18
11/23/2004 16:30,107937.658
11/23/2004 17:30,96320.504
11/23/2004 18:30,89288.673
11/23/2004 19:30,84061.54
11/23/2004 20:30,82382.836
11/23/2004 21:30,78535.644
11/23/2004 22:30,80190
11/23/2004 23:30,77015.476
11/24/2004 0:30,72030.651
11/24/2004 1:30,67312.915
11/24/2004 2:30,60855.282
11/24/2004 3:30,55619.246
11/24/2004 4:30,50997.383
11/24/2004 5:30,47565.928
11/24/2004 6:30,45270.163
11/24/2004 7:30,48382.999
11/24/2004 8:30,64916.416
11/24/2004 9:30,91055.529
11/24/2004 10:30,102021.363
11/24/2004 11:30,101453
11/24/2004 12:30,102830.483
11/24/2004 13:30,119116.364
11/24/2004 14:30,106297.849
11/24/2004 15:30,81473.416
11/24/2004 16:30,75003.65
11/24/2004 17:30,67270.899
11/24/2004 18:30,61745.19
11/24/2004 19:30,60069.544
11/24/2004 20:30,55082.136
11/24/2004 21:30,53785.152
11/24/2004 22:30,51820.489
11/24/2004 23:30,49220.787
11/25/2004 0:30,45354.131
11/25/2004 1:30,38464.389
11/25/2004 2:30,34335
11/25/2004 3:30,31852.582
11/25/2004 4:30,28444.123
11/25/2004 5:30,27960.347
11/25/2004 6:30,29380.717
11/25/2004 7:30,32337.982
11/25/2004 8:30,44782.657
11/25/2004 9:30,65160
11/25/2004 10:30,74067.274
11/25/2004 11:30,80437.905
11/25/2004 12:30,80415.565
11/25/2004 13:30,83413.132
11/25/2004 14:30,84793.399
11/25/2004 15:30,81314.995
11/25/2004 16:30,73975.34
11/25/2004 17:30,66554.983
11/25/2004 18:30,61711.489
11/25/2004 19:30,58145.548
11/25/2004 20:30,53628.75
11/25/2004 21:30,51279.196
11/25/2004 22:30,48923.357
11/25/2004 23:30,46283.6
11/26/2004 0:30,42701.972
11/26/2004 1:30,37990.322
11/26/2004 2:30,33373.495
11/26/2004 3:30,30673.197
11/26/2004 4:30,28032.506
11/26/2004 5:30,26527.637
11/26/2004 6:30,26178.832
11/26/2004 7:30,30784.684
11/26/2004 8:30,44053.78
11/26/2004 9:30,62682.285
11/26/2004 10:30,70084.37
11/26/2004 11:30,76064.529
11/26/2004 12:30,74957.997
11/26/2004 13:30,72677.433
11/26/2004 14:30,79244
11/26/2004 15:30,74980.781
11/26/2004 16:30,63487.752
11/26/2004 17:30,54476.09
11/26/2004 18:30,51138.512
11/26/2004 19:30,51265.584
11/26/2004 20:30,49326.515
11/26/2004 21:30,46928.152
11/26/2004 22:30,46398.889
11/26/2004 23:30,44664.737
11/27/2004 0:30,42590.082
11/27/2004 1:30,39372.446
11/27/2004 2:30,36232.874
11/27/2004 3:30,34004.909
11/27/2004 4:30,29333.91
11/27/2004 5:30,28015.092
11/27/2004 6:30,26969.569
11/27/2004 7:30,25728.566
11/27/2004 8:30,27591.345
11/27/2004 9:30,31454.146
11/27/2004 10:30,36188.715
11/27/2004 11:30,39750.059
11/27/2004 12:30,42938.62
11/27/2004 13:30,47159.701
11/27/2004 14:30,48890.799
11/27/2004 15:30,51229.546
11/27/2004 16:30,49557.58
11/27/2004 17:30,48216.642
11/27/2004 18:30,46392.541
11/27/2004 19:30,48494.678
11/27/2004 20:30,45924.987
11/27/2004 21:30,45613.651
11/27/2004 22:30,45172.749
11/27/2004 23:30,45939.239
11/28/2004 0:30,48667.98
11/28/2004 1:30,44866.786
11/28/2004 2:30,40357.237
11/28/2004 3:30,37522.586
11/28/2004 4:30,33910.18
11/28/2004 5:30,28542.996
11/28/2004 6:30,25969.81
11/28/2004 7:30,24802.086
11/28/2004 8:30,25395.482
11/28/2004 9:30,29015.043
11/28/2004 10:30,32984.091
11/28/2004 11:30,39098.793
11/28/2004 12:30,44756.288
11/28/2004 13:30,49035.953
11/28/2004 14:30,53261.755
11/28/2004 15:30,55035.151
11/28/2004 16:30,55287.987
11/28/2004 17:30,54602.434
11/28/2004 18:30,54493.092
11/28/2004 19:30,54553.744
11/28/2004 20:30,54274
11/28/2004 21:30,52619.979
11/28/2004 22:30,51428.509
11/28/2004 23:30,47533.739
11/29/2004 0:30,42460.434
11/29/2004 1:30,37865.331
11/29/2004 2:30,35589.878
11/29/2004 3:30,31999.44
11/29/2004 4:30,29972.202
11/29/2004 5:30,28900.201
11/29/2004 6:30,28501.095
11/29/2004 7:30,32438.902
11/29/2004 8:30,49461.161
11/29/2004 9:30,67889.4
11/29/2004 10:30,75509
11/29/2004 11:30,80523
11/29/2004 12:30,81577.838
11/29/2004 13:30,85024.332
11/29/2004 14:30,86160.165
11/29/2004 15:30,82759.857
11/29/2004 16:30,72696.1
11/29/2004 17:30,64397.93
11/29/2004 18:30,60648
11/29/2004 19:30,58350.27
11/29/2004 20:30,54538.735
11/29/2004 21:30,52054.286
11/29/2004 22:30,48751.066
11/29/2004 23:30,45148.215
11/30/2004 0:30,42130.732
11/30/2004 1:30,36189.368
11/30/2004 2:30,33105.464
11/30/2004 3:30,29913.977
11/30/2004 4:30,27277.185
11/30/2004 5:30,27026.326
11/30/2004 6:30,26245.195
11/30/2004 7:30,32329.168
11/30/2004 8:30,50078.847
11/30/2004 9:30,68732.697
11/30/2004 10:30,75319
11/30/2004 11:30,92221.713
11/30/2004 12:30,100538.752
11/30/2004 13:30,104006.471
11/30/2004 14:30,107104.349
11/30/2004 15:30,103349.576
11/30/2004 16:30,88486.319
11/30/2004 17:30,74831.493
11/30/2004 18:30,74798.91
11/30/2004 19:30,69512.555
11/30/2004 20:30,68124.378
11/30/2004 21:30,66013.225
11/30/2004 22:30,67082.953
11/30/2004 23:30,63436.452
12/1/2004 0:30,58264.328
12/1/2004 1:30,49253.214
12/1/2004 2:30,43793.885
12/1/2004 3:30,39106.299
12/1/2004 4:30,35678.57
12/1/2004 5:30,35011.907
12/1/2004 6:30,30168.753
12/1/2004 7:30,32005.156
12/1/2004 8:30,54237.304
12/1/2004 9:30,80516.668
12/1/2004 10:30,88020.643
12/1/2004 11:30,96246.398
12/1/2004 12:30,97177.838
12/1/2004 13:30,101150.524
12/1/2004 14:30,101657.483
12/1/2004 15:30,95109.579
12/1/2004 16:30,85348.865
12/1/2004 17:30,77682.573
12/1/2004 18:30,75995.082
12/1/2004 19:30,71526.66
12/1/2004 20:30,65109.184
12/1/2004 21:30,63147.478
12/1/2004 22:30,62795.623
12/1/2004 23:30,59416.704
12/2/2004 0:30,55802.401
12/2/2004 1:30,49038
12/2/2004 2:30,44824.18
12/2/2004 3:30,41262.35
12/2/2004 4:30,38502.842
12/2/2004 5:30,36738.184
12/2/2004 6:30,36125.825
12/2/2004 7:30,41135.725
12/2/2004 8:30,65474.571
12/2/2004 9:30,82467.574
12/2/2004 10:30,93079.356
12/2/2004 11:30,102599.388
12/2/2004 12:30,108057.727
12/2/2004 13:30,112837.65
12/2/2004 14:30,111399.188
12/2/2004 15:30,103742.559
12/2/2004 16:30,93405.254
12/2/2004 17:30,86868.704
12/2/2004 18:30,84285.964
12/2/2004 19:30,80778.869
12/2/2004 20:30,78999.243
12/2/2004 21:30,77799.562
12/2/2004 22:30,75494.775
12/2/2004 23:30,74831.129
12/3/2004 0:30,67754.882
12/3/2004 1:30,62394.256
12/3/2004 2:30,56962.353
12/3/2004 3:30,53557.731
12/3/2004 4:30,50272.128
12/3/2004 5:30,48009.547
12/3/2004 6:30,45399.898
12/3/2004 7:30,52307.46
12/3/2004 8:30,70881.884
12/3/2004 9:30,89448
12/3/2004 10:30,80168.813
12/3/2004 11:30,87495.915
12/3/2004 12:30,85857.664
12/3/2004 13:30,90273.327
12/3/2004 14:30,87279.396
12/3/2004 15:30,80299.083
12/3/2004 16:30,67974.606
12/3/2004 17:30,61223.856
12/3/2004 18:30,57414.229
12/3/2004 19:30,56959.325
12/3/2004 20:30,52867
12/3/2004 21:30,52518.324
12/3/2004 22:30,49083.899
12/3/2004 23:30,49012.254
12/4/2004 0:30,43615.802
12/4/2004 1:30,44068.312
12/4/2004 2:30,39605.581
12/4/2004 3:30,37475.36
12/4/2004 4:30,33046.556
12/4/2004 5:30,32713.706
12/4/2004 6:30,29702.747
12/4/2004 7:30,31026.956
12/4/2004 8:30,32024.429
12/4/2004 9:30,37573.582
12/4/2004 10:30,40847.819
12/4/2004 11:30,45148.581
12/4/2004 12:30,48153.846
12/4/2004 13:30,54414.212
12/4/2004 14:30,55386.762
12/4/2004 15:30,58545
12/4/2004 16:30,54325.468
12/4/2004 17:30,56527.491
12/4/2004 18:30,52735.547
12/4/2004 19:30,55192.6
12/4/2004 20:30,52802.947
12/4/2004 21:30,53506.146
12/4/2004 22:30,51269.499
12/4/2004 23:30,50421.739
12/5/2004 0:30,47555.374
12/5/2004 1:30,43531.916
12/5/2004 2:30,42098.476
12/5/2004 3:30,35893.256
12/5/2004 4:30,34565.454
12/5/2004 5:30,29827.05
12/5/2004 6:30,30631.979
12/5/2004 7:30,28932.115
12/5/2004 8:30,31481.864
12/5/2004 9:30,33070.414
12/5/2004 10:30,38476.669
12/5/2004 11:30,44300.867
12/5/2004 12:30,49149.844
12/5/2004 13:30,52912.078
12/5/2004 14:30,57696.298
12/5/2004 15:30,57669.484
12/5/2004 16:30,58079.9
12/5/2004 17:30,56645.24
12/5/2004 18:30,56181.065
12/5/2004 19:30,55270
12/5/2004 20:30,53634.613
12/5/2004 21:30,54419.289
12/5/2004 22:30,53052.114
12/5/2004 23:30,50954.808
12/6/2004 0:30,45809.101
12/6/2004 1:30,40245
12/6/2004 2:30,36423.172
12/6/2004 3:30,32862.705
12/6/2004 4:30,30332.592
12/6/2004 5:30,29028.572
12/6/2004 6:30,28847.186
12/6/2004 7:30,33673.148
12/6/2004 8:30,55223.242
12/6/2004 9:30,72266.964
12/6/2004 10:30,80883.772
12/6/2004 11:30,87918.214
12/6/2004 12:30,89166
12/6/2004 13:30,91226
12/6/2004 14:30,91778.493
12/6/2004 15:30,85757.243
12/6/2004 16:30,78133.241
12/6/2004 17:30,69761.898
12/6/2004 18:30,66419.685
12/6/2004 19:30,61680.725
12/6/2004 20:30,58289.419
12/6/2004 21:30,55792.679
12/6/2004 22:30,54811.306
12/6/2004 23:30,50043.82
12/7/2004 0:30,45475.842
12/7/2004 1:30,41406.626
12/7/2004 2:30,38624.771
12/7/2004 3:30,33913.828
12/7/2004 4:30,30401.173
12/7/2004 5:30,29635.565
12/7/2004 6:30,29031.481
12/7/2004 7:30,32506.156
12/7/2004 8:30,53181.102
12/7/2004 9:30,70535.251
12/7/2004 10:30,80362.217
12/7/2004 11:30,86554.128
12/7/2004 12:30,87539.785
12/7/2004 13:30,90532.853
12/7/2004 14:30,91474.874
12/7/2004 15:30,84942.878
12/7/2004 16:30,73482.245
12/7/2004 17:30,65249.946
12/7/2004 18:30,64664.419
12/7/2004 19:30,60923.59
12/7/2004 20:30,56993.531
12/7/2004 21:30,54305.582
12/7/2004 22:30,51523.252
12/7/2004 23:30,49976.226
12/8/2004 0:30,45549.591
12/8/2004 1:30,40666.044
12/8/2004 2:30,35652.233
12/8/2004 3:30,31671
12/8/2004 4:30,29047.436
12/8/2004 5:30,26784.373
12/8/2004 6:30,26418.377
12/8/2004 7:30,31950.551
12/8/2004 8:30,51543.423
12/8/2004 9:30,68466.515
12/8/2004 10:30,77996.542
12/8/2004 11:30,84568.374
12/8/2004 12:30,83362.625
12/8/2004 13:30,92336.437
12/8/2004 14:30,90560.842
12/8/2004 15:30,83445.856
12/8/2004 16:30,74962.686
12/8/2004 17:30,67144.745
12/8/2004 18:30,63641.43
12/8/2004 19:30,60730.077
12/8/2004 20:30,57745.563
12/8/2004 21:30,54525.292
12/8/2004 22:30,51384.208
12/8/2004 23:30,49264
12/9/2004 0:30,44518.666
12/9/2004 1:30,40001.411
12/9/2004 2:30,37012.245
12/9/2004 3:30,34134.165
12/9/2004 4:30,30817.483
12/9/2004 5:30,28610.709
12/9/2004 6:30,28921.142
12/9/2004 7:30,34124.636
12/9/2004 8:30,54369.52
12/9/2004 9:30,72559.595
12/9/2004 10:30,79603.365
12/9/2004 11:30,87629.284
12/9/2004 12:30,87152.603
12/9/2004 13:30,93420.954
12/9/2004 14:30,94073.645
12/9/2004 15:30,85660.864
12/9/2004 16:30,74872.933
12/9/2004 17:30,66375.726
12/9/2004 18:30,62939.188
12/9/2004 19:30,62600.85
12/9/2004 20:30,58782.182
12/9/2004 21:30,56805.86
12/9/2004 22:30,54459.797
12/9/2004 23:30,50150.238
12/10/2004 0:30,44525.686
12/10/2004 1:30,41474.054
12/10/2004 2:30,39190.31
12/10/2004 3:30,36423.637
12/10/2004 4:30,35010.504
12/10/2004 5:30,35310.084
12/10/2004 6:30,35726.683
12/10/2004 7:30,40796.188
12/10/2004 8:30,59539.977
12/10/2004 9:30,77516.517
12/10/2004 10:30,85855.956
12/10/2004 11:30,92292.472
12/10/2004 12:30,90515.584
12/10/2004 13:30,93223.162
12/10/2004 14:30,92415.43
12/10/2004 15:30,84355.206
12/10/2004 16:30,75752.371
12/10/2004 17:30,67520
12/10/2004 18:30,64695.361
12/10/2004 19:30,60892.144
12/10/2004 20:30,57914.256
12/10/2004 21:30,53136.779
12/10/2004 22:30,51770.21
12/10/2004 23:30,50281.995
12/11/2004 0:30,46538.44
12/11/2004 1:30,42618.367
12/11/2004 2:30,39521.851
12/11/2004 3:30,35830.231
12/11/2004 4:30,32806.894
12/11/2004 5:30,30951.491
12/11/2004 6:30,29855.901
12/11/2004 7:30,29966.829
12/11/2004 8:30,31805.162
12/11/2004 9:30,34528.609
12/11/2004 10:30,38559.238
12/11/2004 11:30,42701.325
12/11/2004 12:30,45711.781
12/11/2004 13:30,50264.924
12/11/2004 14:30,53492.441
12/11/2004 15:30,54346.654
12/11/2004 16:30,52282.914
12/11/2004 17:30,50309.922
12/11/2004 18:30,50900.305
12/11/2004 19:30,52256.601
12/11/2004 20:30,50330.869
12/11/2004 21:30,49473.237
12/11/2004 22:30,48249.176
12/11/2004 23:30,46865
12/12/2004 0:30,43687.721
12/12/2004 1:30,41033.959
12/12/2004 2:30,38032.974
12/12/2004 3:30,35908.911
12/12/2004 4:30,31592.429
12/12/2004 5:30,28955.842
12/12/2004 6:30,28677.878
12/12/2004 7:30,28201.572
12/12/2004 8:30,28829.847
12/12/2004 9:30,28703.719
12/12/2004 10:30,32662.607
12/12/2004 11:30,37707.642
12/12/2004 12:30,42564.133
12/12/2004 13:30,46889.935
12/12/2004 14:30,49070.403
12/12/2004 15:30,52395.337
12/12/2004 16:30,55136.823
12/12/2004 17:30,54640.378
12/12/2004 18:30,54671.148
12/12/2004 19:30,55312.79
12/12/2004 20:30,53356.312
12/12/2004 21:30,51979.359
12/12/2004 22:30,50311.982
12/12/2004 23:30,46292.13
12/13/2004 0:30,43253.362
12/13/2004 1:30,40307.044
12/13/2004 2:30,37171.708
12/13/2004 3:30,33305.231
12/13/2004 4:30,30880.803
12/13/2004 5:30,29176.601
12/13/2004 6:30,29477.058
12/13/2004 7:30,33781.549
12/13/2004 8:30,55709.826
12/13/2004 9:30,72836.521
12/13/2004 10:30,79390.304
12/13/2004 11:30,83847.998
12/13/2004 12:30,82586.886
12/13/2004 13:30,89311.474
12/13/2004 14:30,90090.834
12/13/2004 15:30,83655.373
12/13/2004 16:30,75037.801
12/13/2004 17:30,64345.928
12/13/2004 18:30,60905.762
12/13/2004 19:30,57935.254
12/13/2004 20:30,54901.754
12/13/2004 21:30,53220.186
12/13/2004 22:30,53116.73
12/13/2004 23:30,48399
12/14/2004 0:30,44900.407
12/14/2004 1:30,41647.11
12/14/2004 2:30,38520.385
12/14/2004 3:30,36196.677
12/14/2004 4:30,33423.14
12/14/2004 5:30,32938.343
12/14/2004 6:30,28815.322
12/14/2004 7:30,33304.282
12/14/2004 8:30,53794.599
12/14/2004 9:30,72324.902
12/14/2004 10:30,80303.875
12/14/2004 11:30,85672.821
12/14/2004 12:30,83661
12/14/2004 13:30,88313.678
12/14/2004 14:30,91323.957
12/14/2004 15:30,85076.436
12/14/2004 16:30,73140.546
12/14/2004 17:30,64014.123
12/14/2004 18:30,60864.796
12/14/2004 19:30,57203.41
12/14/2004 20:30,55244.68
12/14/2004 21:30,52074.34
12/14/2004 22:30,50279.168
12/14/2004 23:30,49256.589
12/15/2004 0:30,44207.153
12/15/2004 1:30,40711.075
12/15/2004 2:30,36846.248
12/15/2004 3:30,31198.652
12/15/2004 4:30,27474.118
12/15/2004 5:30,26454.972
12/15/2004 6:30,25532.123
12/15/2004 7:30,31036.272
12/15/2004 8:30,50650
12/15/2004 9:30,68305.559
12/15/2004 10:30,75805.898
12/15/2004 11:30,79526.782
12/15/2004 12:30,76540.695
12/15/2004 13:30,81551.427
12/15/2004 14:30,80618.849
12/15/2004 15:30,73336.401
12/15/2004 16:30,63554
12/15/2004 17:30,55092.606
12/15/2004 18:30,52813.306
12/15/2004 19:30,50660.787
12/15/2004 20:30,47754.179
12/15/2004 21:30,45399.997
12/15/2004 22:30,44384.668
12/15/2004 23:30,42154.161
12/16/2004 0:30,38311.938
12/16/2004 1:30,34952.713
12/16/2004 2:30,30711.805
12/16/2004 3:30,27493.618
12/16/2004 4:30,25398.265
12/16/2004 5:30,24573.88
12/16/2004 6:30,23953.868
12/16/2004 7:30,30497.844
12/16/2004 8:30,51378.822
12/16/2004 9:30,69994.205
12/16/2004 10:30,74193.284
12/16/2004 11:30,77678.268
12/16/2004 12:30,75699.176
12/16/2004 13:30,79756.129
12/16/2004 14:30,79761.117
12/16/2004 15:30,73637
12/16/2004 16:30,62498.87
12/16/2004 17:30,55072.861
12/16/2004 18:30,54448.863
12/16/2004 19:30,50863.806
12/16/2004 20:30,49944.891
12/16/2004 21:30,48313.887
12/16/2004 22:30,45433.639
12/16/2004 23:30,46743.778
12/17/2004 0:30,43379.557
12/17/2004 1:30,39902.47
12/17/2004 2:30,35692.36
12/17/2004 3:30,30818.634
12/17/2004 4:30,31599.945
12/17/2004 5:30,27567.438
12/17/2004 6:30,28136.723
12/17/2004 7:30,33631.969
12/17/2004 8:30,49471.286
12/17/2004 9:30,64139.679
12/17/2004 10:30,70816.209
12/17/2004 11:30,72766.914
12/17/2004 12:30,68427.757
12/17/2004 13:30,68818.332
12/17/2004 14:30,68556.788
12/17/2004 15:30,62721.553
12/17/2004 16:30,53987.602
12/17/2004 17:30,48479.403
12/17/2004 18:30,42758
12/17/2004 19:30,42220.28
12/17/2004 20:30,38303.626
12/17/2004 21:30,36347.35
12/17/2004 22:30,37033.163
12/17/2004 23:30,34643.117
12/18/2004 0:30,34068.865
12/18/2004 1:30,30985.26
12/18/2004 2:30,29025
12/18/2004 3:30,27472.894
12/18/2004 4:30,24427.68
12/18/2004 5:30,24529.743
12/18/2004 6:30,21979.348
12/18/2004 7:30,24037.561
12/18/2004 8:30,25360.966
12/18/2004 9:30,26291.493
12/18/2004 10:30,31008.233
12/18/2004 11:30,31011.534
12/18/2004 12:30,35254.869
12/18/2004 13:30,35150.481
12/18/2004 14:30,37300.231
12/18/2004 15:30,38076.429
12/18/2004 16:30,37752.21
12/18/2004 17:30,37177.528
12/18/2004 18:30,35015.099
12/18/2004 19:30,37228.588
12/18/2004 20:30,34992
12/18/2004 21:30,35011.088
12/18/2004 22:30,34800.127
12/18/2004 23:30,32280.437
12/19/2004 0:30,33392.89
12/19/2004 1:30,29156.642
12/19/2004 2:30,26090
12/19/2004 3:30,27186.725
12/19/2004 4:30,22875.955
12/19/2004 5:30,23709.858
12/19/2004 6:30,21917.519
12/19/2004 7:30,21782.322
12/19/2004 8:30,23156.664
12/19/2004 9:30,24021.871
12/19/2004 10:30,27853.05
12/19/2004 11:30,28611.285
12/19/2004 12:30,32932.49
12/19/2004 13:30,31245.961
12/19/2004 14:30,36040.11
12/19/2004 15:30,34510.436
12/19/2004 16:30,36601.457
12/19/2004 17:30,32838.846
12/19/2004 18:30,37653.087
12/19/2004 19:30,33750.114
12/19/2004 20:30,36951.304
12/19/2004 21:30,35758.709
12/19/2004 22:30,32441.922
12/19/2004 23:30,30715.372
12/20/2004 0:30,28830.639
12/20/2004 1:30,26542.743
12/20/2004 2:30,26224.939
12/20/2004 3:30,23487.26
12/20/2004 4:30,20869.443
12/20/2004 5:30,19798.781
12/20/2004 6:30,19097.233
12/20/2004 7:30,23428.666
12/20/2004 8:30,37113.117
12/20/2004 9:30,51213.063
12/20/2004 10:30,55277.663
12/20/2004 11:30,61563.381
12/20/2004 12:30,57839.506
12/20/2004 13:30,62107.361
12/20/2004 14:30,62452.658
12/20/2004 15:30,57675.478
12/20/2004 16:30,49158
12/20/2004 17:30,43284.815
12/20/2004 18:30,37339
12/20/2004 19:30,37805.555
12/20/2004 20:30,36243.734
12/20/2004 21:30,37187.259
12/20/2004 22:30,32884.517
12/20/2004 23:30,33438.259
12/21/2004 0:30,29468.713
12/21/2004 1:30,29721.561
12/21/2004 2:30,25637.167
12/21/2004 3:30,25900.079
12/21/2004 4:30,21456.617
12/21/2004 5:30,22950.387
12/21/2004 6:30,20403.919
12/21/2004 7:30,26631.836
12/21/2004 8:30,36782.57
12/21/2004 9:30,50708.243
12/21/2004 10:30,51507.191
12/21/2004 11:30,58424.218
12/21/2004 12:30,52840.301
12/21/2004 13:30,59090.644
12/21/2004 14:30,59571.861
12/21/2004 15:30,52964.543
12/21/2004 16:30,46270.417
12/21/2004 17:30,36645.329
12/21/2004 18:30,35733.083
12/21/2004 19:30,33247.389
12/21/2004 20:30,33239.894
12/21/2004 21:30,33710.261
12/21/2004 22:30,31312.26
12/21/2004 23:30,30134.751
12/22/2004 0:30,28624.124
12/22/2004 1:30,25512.056
12/22/2004 2:30,25495
12/22/2004 3:30,21786.739
12/22/2004 4:30,20951.45
12/22/2004 5:30,19712.331
12/22/2004 6:30,18701.43
12/22/2004 7:30,23591.531
12/22/2004 8:30,35423.737
12/22/2004 9:30,44136.146
12/22/2004 10:30,47695.237
12/22/2004 11:30,47137.829
12/22/2004 12:30,46683.674
12/22/2004 13:30,47433.098
12/22/2004 14:30,50014.865
12/22/2004 15:30,46478.613
12/22/2004 16:30,39609.965
12/22/2004 17:30,35301.357
12/22/2004 18:30,33985.428
12/22/2004 19:30,34710.874
12/22/2004 20:30,32660.628
12/22/2004 21:30,33871.396
12/22/2004 22:30,30761.781
12/22/2004 23:30,30199.081
12/23/2004 0:30,27877.183
12/23/2004 1:30,24632.627
12/23/2004 2:30,23710.409
12/23/2004 3:30,20482.301
12/23/2004 4:30,17392.248
12/23/2004 5:30,18204.666
12/23/2004 6:30,16945.357
12/23/2004 7:30,18923.79
12/23/2004 8:30,26469.404
12/23/2004 9:30,32930.715
12/23/2004 10:30,36777.726
12/23/2004 11:30,37958.727
12/23/2004 12:30,37925.079
12/23/2004 13:30,39971.221
12/23/2004 14:30,40344.584
12/23/2004 15:30,37008.785
12/23/2004 16:30,30729.976
12/23/2004 17:30,28009
12/23/2004 18:30,26971.9
12/23/2004 19:30,27949.213
12/23/2004 20:30,27066.488
12/23/2004 21:30,26401.058
12/23/2004 22:30,25821.855
12/23/2004 23:30,24671.569
12/24/2004 0:30,22633.353
12/24/2004 1:30,21251
12/24/2004 2:30,20521.92
12/24/2004 3:30,18799.412
12/24/2004 4:30,17496.172
12/24/2004 5:30,16064.053
12/24/2004 6:30,15887.429
12/24/2004 7:30,17293.749
12/24/2004 8:30,21540.954
12/24/2004 9:30,24396.656
12/24/2004 10:30,26817.559
12/24/2004 11:30,26400.552
12/24/2004 12:30,24812.899
12/24/2004 13:30,24986.429
12/24/2004 14:30,24604.676
12/24/2004 15:30,22802
12/24/2004 16:30,22827.461
12/24/2004 17:30,22535.165
12/24/2004 18:30,21558.418
12/24/2004 19:30,20892.179
12/24/2004 20:30,20476.839
12/24/2004 21:30,20362.385
12/24/2004 22:30,20327.912
12/24/2004 23:30,19343.392
12/25/2004 0:30,19172.282
12/25/2004 1:30,19308.177
12/25/2004 2:30,18235.216
12/25/2004 3:30,17360.129
12/25/2004 4:30,15575.546
12/25/2004 5:30,14152.229
12/25/2004 6:30,14173.574
12/25/2004 7:30,15184.257
12/25/2004 8:30,21113.77
12/25/2004 9:30,22428.722
12/25/2004 10:30,24044.638
12/25/2004 11:30,24845.329
12/25/2004 12:30,25715.038
12/25/2004 13:30,26736.956
12/25/2004 14:30,27779.443
12/25/2004 15:30,28273.879
12/25/2004 16:30,28976.265
12/25/2004 17:30,28739.676
12/25/2004 18:30,28455
12/25/2004 19:30,28431.898
12/25/2004 20:30,28827.161
12/25/2004 21:30,27726.662
12/25/2004 22:30,27933.401
12/25/2004 23:30,27631.764
12/26/2004 0:30,26679.653
12/26/2004 1:30,25649.063
12/26/2004 2:30,24691.263
12/26/2004 3:30,24209.626
12/26/2004 4:30,23880.931
12/26/2004 5:30,22541.622
12/26/2004 6:30,21776.712
12/26/2004 7:30,21336.543
12/26/2004 8:30,21393.846
12/26/2004 9:30,22726.821
12/26/2004 10:30,23928.407
12/26/2004 11:30,24331.993
12/26/2004 12:30,20298.579
12/26/2004 13:30,18775.397
12/26/2004 14:30,19348.032
12/26/2004 15:30,20638.221
12/26/2004 16:30,22230.216
12/26/2004 17:30,21667.737
12/26/2004 18:30,23316.099
12/26/2004 19:30,22862.054
12/26/2004 20:30,23406.881
12/26/2004 21:30,22697.629
12/26/2004 22:30,22619.467
12/26/2004 23:30,22160.219
12/27/2004 0:30,20476.11
12/27/2004 1:30,19904.388
12/27/2004 2:30,17994.467
12/27/2004 3:30,16211.57
12/27/2004 4:30,15064.067
12/27/2004 5:30,14051.746
12/27/2004 6:30,13486.742
12/27/2004 7:30,13983.505
12/27/2004 8:30,14715.408
12/27/2004 9:30,16112.639
12/27/2004 10:30,16822.193
12/27/2004 11:30,18654.718
12/27/2004 12:30,19229.026
12/27/2004 13:30,20141.381
12/27/2004 14:30,21200.782
12/27/2004 15:30,21890.387
12/27/2004 16:30,22225.133
12/27/2004 17:30,22939.522
12/27/2004 18:30,23633.145
12/27/2004 19:30,23304.475
12/27/2004 20:30,23417.832
12/27/2004 21:30,22635.135
12/27/2004 22:30,22240.119
12/27/2004 23:30,21501.034
12/28/2004 0:30,20152
12/28/2004 1:30,18642.491
12/28/2004 2:30,17647.022
12/28/2004 3:30,15913.847
12/28/2004 4:30,14536.836
12/28/2004 5:30,13743.076
12/28/2004 6:30,13321.255
12/28/2004 7:30,14209.925
12/28/2004 8:30,14941.593
12/28/2004 9:30,16298.652
12/28/2004 10:30,18673.34
12/28/2004 11:30,21439.633
12/28/2004 12:30,23718.683
12/28/2004 13:30,23734.571
12/28/2004 14:30,24990.919
12/28/2004 15:30,25603.185
12/28/2004 16:30,24600.696
12/28/2004 17:30,25684.423
12/28/2004 18:30,27233.76
12/28/2004 19:30,27314.167
12/28/2004 20:30,26203.323
12/28/2004 21:30,25719.303
12/28/2004 22:30,24921.438
12/28/2004 23:30,24970.121
12/29/2004 0:30,23696.543
12/29/2004 1:30,22344.462
12/29/2004 2:30,20946.821
12/29/2004 3:30,19607
12/29/2004 4:30,17946.641
12/29/2004 5:30,17525.998
12/29/2004 6:30,17418.067
12/29/2004 7:30,17959.679
12/29/2004 8:30,19334.402
12/29/2004 9:30,21867.126
12/29/2004 10:30,24377.758
12/29/2004 11:30,26851.249
12/29/2004 12:30,27849
12/29/2004 13:30,30094.446
12/29/2004 14:30,30372.342
12/29/2004 15:30,28899.462
12/29/2004 16:30,28352.619
12/29/2004 17:30,28100.605
12/29/2004 18:30,28215.075
12/29/2004 19:30,27934.238
12/29/2004 20:30,27383.755
12/29/2004 21:30,27738.863
12/29/2004 22:30,28204.727
12/29/2004 23:30,26286.573
12/30/2004 0:30,24352.96
12/30/2004 1:30,22965.429
12/30/2004 2:30,22478.5
12/30/2004 3:30,19878.323
12/30/2004 4:30,18504.505
12/30/2004 5:30,17322.695
12/30/2004 6:30,16273.429
12/30/2004 7:30,16296.631
12/30/2004 8:30,18311.14
12/30/2004 9:30,21070.061
12/30/2004 10:30,23790.386
12/30/2004 11:30,23778.621
12/30/2004 12:30,25567.235
12/30/2004 13:30,27734.565
12/30/2004 14:30,28055.149
12/30/2004 15:30,28079.657
12/30/2004 16:30,27576.117
12/30/2004 17:30,28270.9
12/30/2004 18:30,27378.473
12/30/2004 19:30,26483.674
12/30/2004 20:30,27544.475
12/30/2004 21:30,27030.959
12/30/2004 22:30,26585.669
12/30/2004 23:30,26611.222
12/31/2004 0:30,24389.69
12/31/2004 1:30,22038.8
12/31/2004 2:30,21501.086
12/31/2004 3:30,19083.093
12/31/2004 4:30,18215.985
12/31/2004 5:30,17021.088
12/31/2004 6:30,15807.881
12/31/2004 7:30,16374.761
12/31/2004 8:30,17422.672
12/31/2004 9:30,19861.057
12/31/2004 10:30,22401.844
12/31/2004 11:30,23639.306
12/31/2004 12:30,24356.721
12/31/2004 13:30,25165.505
12/31/2004 14:30,25465.093
12/31/2004 15:30,26454.851
12/31/2004 16:30,25020.643
12/31/2004 17:30,23902.1
12/31/2004 18:30,23502.631
12/31/2004 19:30,22863.664
12/31/2004 20:30,21647.46
12/31/2004 21:30,21278.565
12/31/2004 22:30,20755.185
12/31/2004 23:30,20180.995
1/1/2005 0:30,19797.134
1/1/2005 1:30,18850.124
1/1/2005 2:30,18190.986
1/1/2005 3:30,16869.629
1/1/2005 4:30,15704.14
1/1/2005 5:30,14784.621
1/1/2005 6:30,13976.59
1/1/2005 7:30,14012.651
1/1/2005 8:30,14051.664
1/1/2005 9:30,14764.426
1/1/2005 10:30,15900.625
1/1/2005 11:30,17985.56
1/1/2005 12:30,20102.603
1/1/2005 13:30,22012.264
1/1/2005 14:30,22828.645
1/1/2005 15:30,24594.295
1/1/2005 16:30,25318.781
1/1/2005 17:30,24799.757
1/1/2005 18:30,26044.47
1/1/2005 19:30,25734.557
1/1/2005 20:30,26225.869
1/1/2005 21:30,25705.881
1/1/2005 22:30,26067.559
1/1/2005 23:30,25751.947
1/2/2005 0:30,23849.388
1/2/2005 1:30,21562.882
1/2/2005 2:30,20420.515
1/2/2005 3:30,19032.913
1/2/2005 4:30,17862.727
1/2/2005 5:30,16548.415
1/2/2005 6:30,16170.455
1/2/2005 7:30,15980.663
1/2/2005 8:30,16184.791
1/2/2005 9:30,18150.363
1/2/2005 10:30,19275.639
1/2/2005 11:30,20394.194
1/2/2005 12:30,22101.955
1/2/2005 13:30,24495.611
1/2/2005 14:30,26081.455
1/2/2005 15:30,26150.426
1/2/2005 16:30,27837.682
1/2/2005 17:30,27521.403
1/2/2005 18:30,26461.159
1/2/2005 19:30,26606.654
1/2/2005 20:30,27233.506
1/2/2005 21:30,27635.365
1/2/2005 22:30,26539.796
1/2/2005 23:30,25321.249
1/3/2005 0:30,23790.448
1/3/2005 1:30,22250.555
1/3/2005 2:30,21003.252
1/3/2005 3:30,19804.819
1/3/2005 4:30,17871.791
1/3/2005 5:30,17230.231
1/3/2005 6:30,16807.655
1/3/2005 7:30,16693.351
1/3/2005 8:30,16996.88
1/3/2005 9:30,19416.103
1/3/2005 10:30,22224.552
1/3/2005 11:30,23807.755
1/3/2005 12:30,25446.967
1/3/2005 13:30,27278.762
1/3/2005 14:30,29072.368
1/3/2005 15:30,30504.295
1/3/2005 16:30,30682.671
1/3/2005 17:30,30168.187
1/3/2005 18:30,29858.978
1/3/2005 19:30,28894.814
1/3/2005 20:30,28499.38
1/3/2005 21:30,28814.225
1/3/2005 22:30,27101.334
1/3/2005 23:30,26732.078
1/4/2005 0:30,24864.067
1/4/2005 1:30,22244.838
1/4/2005 2:30,20747
1/4/2005 3:30,18484.26
1/4/2005 4:30,16768.052
1/4/2005 5:30,16424.572
1/4/2005 6:30,15742.976
1/4/2005 7:30,18206.641
1/4/2005 8:30,27849.805
1/4/2005 9:30,35989.396
1/4/2005 10:30,39735.391
1/4/2005 11:30,44037.765
1/4/2005 12:30,46568.684
1/4/2005 13:30,48831.337
1/4/2005 14:30,50967.072
1/4/2005 15:30,48968.153
1/4/2005 16:30,42708.239
1/4/2005 17:30,37191.451
1/4/2005 18:30,34996.864
1/4/2005 19:30,35480.443
1/4/2005 20:30,33813.369
1/4/2005 21:30,30848.775
1/4/2005 22:30,29975.598
1/4/2005 23:30,29963.9
1/5/2005 0:30,27607.799
1/5/2005 1:30,24792.159
1/5/2005 2:30,23303.716
1/5/2005 3:30,20890.733
1/5/2005 4:30,18515.384
1/5/2005 5:30,18331.986
1/5/2005 6:30,18569.849
1/5/2005 7:30,22750
1/5/2005 8:30,37968.274
1/5/2005 9:30,50746.821
1/5/2005 10:30,57359.305
1/5/2005 11:30,62248.807
1/5/2005 12:30,63315.952
1/5/2005 13:30,65428.424
1/5/2005 14:30,65532.986
1/5/2005 15:30,62734.525
1/5/2005 16:30,52272.378
1/5/2005 17:30,43950.101
1/5/2005 18:30,42766.869
1/5/2005 19:30,40088.315
1/5/2005 20:30,37992.814
1/5/2005 21:30,37914.25
1/5/2005 22:30,36212.272
1/5/2005 23:30,35050.596
1/6/2005 0:30,31179.654
1/6/2005 1:30,27818.518
1/6/2005 2:30,26068.776
1/6/2005 3:30,23589.525
1/6/2005 4:30,21468.305
1/6/2005 5:30,20843.14
1/6/2005 6:30,20406.704
1/6/2005 7:30,25379
1/6/2005 8:30,41403
1/6/2005 9:30,53865.354
1/6/2005 10:30,58150.838
1/6/2005 11:30,63871.607
1/6/2005 12:30,65286
1/6/2005 13:30,71860.86
1/6/2005 14:30,70495.547
1/6/2005 15:30,65613.89
1/6/2005 16:30,53550.737
1/6/2005 17:30,44919.742
1/6/2005 18:30,43110.453
1/6/2005 19:30,39991.752
1/6/2005 20:30,39543.973
1/6/2005 21:30,38222
1/6/2005 22:30,38141.738
1/6/2005 23:30,35597.481
1/7/2005 0:30,31792.418
1/7/2005 1:30,28448.589
1/7/2005 2:30,26367.854
1/7/2005 3:30,23087.896
1/7/2005 4:30,21508.494
1/7/2005 5:30,20063.59
1/7/2005 6:30,20411.716
1/7/2005 7:30,24864.673
1/7/2005 8:30,42038.144
1/7/2005 9:30,55457.757
1/7/2005 10:30,60748
1/7/2005 11:30,67098.495
1/7/2005 12:30,68015.165
1/7/2005 13:30,70865.531
1/7/2005 14:30,70719.964
1/7/2005 15:30,63011.88
1/7/2005 16:30,51604.325
1/7/2005 17:30,44103.827
1/7/2005 18:30,41607.807
1/7/2005 19:30,41004.426
1/7/2005 20:30,40550.415
1/7/2005 21:30,40956.741
1/7/2005 22:30,38546.734
1/7/2005 23:30,36440.859
1/8/2005 0:30,34790
1/8/2005 1:30,32128.139
1/8/2005 2:30,30236.031
1/8/2005 3:30,27345.855
1/8/2005 4:30,24921.495
1/8/2005 5:30,22680.415
1/8/2005 6:30,21741.234
1/8/2005 7:30,21444.687
1/8/2005 8:30,22939.257
1/8/2005 9:30,26122.281
1/8/2005 10:30,29728.82
1/8/2005 11:30,33702.908
1/8/2005 12:30,35258.433
1/8/2005 13:30,37460.551
1/8/2005 14:30,39637.482
1/8/2005 15:30,40900.252
1/8/2005 16:30,40550
1/8/2005 17:30,40380.342
1/8/2005 18:30,40032.159
1/8/2005 19:30,40349.412
1/8/2005 20:30,38902.108
1/8/2005 21:30,40225
1/8/2005 22:30,38955.145
1/8/2005 23:30,35681.537
1/9/2005 0:30,34216.795
1/9/2005 1:30,32224.923
1/9/2005 2:30,29815.934
1/9/2005 3:30,28167.133
1/9/2005 4:30,26203.648
1/9/2005 5:30,24066.743
1/9/2005 6:30,23397.901
1/9/2005 7:30,23111.603
1/9/2005 8:30,23747.755
1/9/2005 9:30,26277.73
1/9/2005 10:30,30809.66
1/9/2005 11:30,34010.483
1/9/2005 12:30,37324.724
1/9/2005 13:30,40785.34
1/9/2005 14:30,43454.434
1/9/2005 15:30,45943.661
1/9/2005 16:30,48492.247
1/9/2005 17:30,46261
1/9/2005 18:30,46770.491
1/9/2005 19:30,44970.613
1/9/2005 20:30,47440.082
1/9/2005 21:30,44408.394
1/9/2005 22:30,43246.698
1/9/2005 23:30,40382.484
1/10/2005 0:30,37690.531
1/10/2005 1:30,35836.879
1/10/2005 2:30,30440.058
1/10/2005 3:30,27988.312
1/10/2005 4:30,24342.043
1/10/2005 5:30,24663.893
1/10/2005 6:30,24693.199
1/10/2005 7:30,29764.596
1/10/2005 8:30,51098.782
1/10/2005 9:30,65434.839
1/10/2005 10:30,75500.24
1/10/2005 11:30,80879.43
1/10/2005 12:30,82928.162
1/10/2005 13:30,86484.114
1/10/2005 14:30,84129.683
1/10/2005 15:30,80838.75
1/10/2005 16:30,69806.62
1/10/2005 17:30,60442.302
1/10/2005 18:30,57893.216
1/10/2005 19:30,55520.532
1/10/2005 20:30,52585.443
1/10/2005 21:30,49760.123
1/10/2005 22:30,48224.39
1/10/2005 23:30,45987.511
1/11/2005 0:30,41514.941
1/11/2005 1:30,37703.548
1/11/2005 2:30,34145.769
1/11/2005 3:30,31531.413
1/11/2005 4:30,28465.984
1/11/2005 5:30,27146.78
1/11/2005 6:30,27335.194
1/11/2005 7:30,33151.088
1/11/2005 8:30,51936.668
1/11/2005 9:30,68482.557
1/11/2005 10:30,75787.576
1/11/2005 11:30,83365.344
1/11/2005 12:30,84502.522
1/11/2005 13:30,87032.397
1/11/2005 14:30,88326.351
1/11/2005 15:30,83532.089
1/11/2005 16:30,70753.798
1/11/2005 17:30,63151.965
1/11/2005 18:30,60456.745
1/11/2005 19:30,57841.067
1/11/2005 20:30,54575.089
1/11/2005 21:30,51863.713
1/11/2005 22:30,49946.726
1/11/2005 23:30,47080.881
1/12/2005 0:30,41783.499
1/12/2005 1:30,37975.983
1/12/2005 2:30,33167.958
1/12/2005 3:30,30038.487
1/12/2005 4:30,27638.989
1/12/2005 5:30,26282.537
1/12/2005 6:30,25804.474
1/12/2005 7:30,31381.88
1/12/2005 8:30,51816.207
1/12/2005 9:30,66859.085
1/12/2005 10:30,77189.127
1/12/2005 11:30,82692.425
1/12/2005 12:30,81659.91
1/12/2005 13:30,86444.363
1/12/2005 14:30,82859.11
1/12/2005 15:30,77384.708
1/12/2005 16:30,67721.783
1/12/2005 17:30,60678.97
1/12/2005 18:30,57547.755
1/12/2005 19:30,55569.386
1/12/2005 20:30,53176.342
1/12/2005 21:30,50684.455
1/12/2005 22:30,50346.594
1/12/2005 23:30,47423.552
1/13/2005 0:30,40776.992
1/13/2005 1:30,36440.929
1/13/2005 2:30,32896.34
1/13/2005 3:30,30102.557
1/13/2005 4:30,27515.388
1/13/2005 5:30,26094.477
1/13/2005 6:30,27032.69
1/13/2005 7:30,32997.09
1/13/2005 8:30,53806.518
1/13/2005 9:30,68904.885
1/13/2005 10:30,76661
1/13/2005 11:30,82263.873
1/13/2005 12:30,81962.436
1/13/2005 13:30,85987
1/13/2005 14:30,88519.821
1/13/2005 15:30,79226.449
1/13/2005 16:30,67510
1/13/2005 17:30,57696.836
1/13/2005 18:30,54627.957
1/13/2005 19:30,53143.33
1/13/2005 20:30,51379.964
1/13/2005 21:30,49175.221
1/13/2005 22:30,45505.509
1/13/2005 23:30,42858.76
1/14/2005 0:30,41231.216
1/14/2005 1:30,36984.837
1/14/2005 2:30,32155.105
1/14/2005 3:30,28955.142
1/14/2005 4:30,26034.376
1/14/2005 5:30,24392.796
1/14/2005 6:30,24334.843
1/14/2005 7:30,29914.207
1/14/2005 8:30,51495.863
1/14/2005 9:30,67809.503
1/14/2005 10:30,75192
1/14/2005 11:30,78875.741
1/14/2005 12:30,76366
1/14/2005 13:30,83394.877
1/14/2005 14:30,82946.587
1/14/2005 15:30,76679.613
1/14/2005 16:30,64796.916
1/14/2005 17:30,56124.693
1/14/2005 18:30,53280.228
1/14/2005 19:30,48221.629
1/14/2005 20:30,46033.793
1/14/2005 21:30,45625.539
1/14/2005 22:30,44094.722
1/14/2005 23:30,41101.212
1/15/2005 0:30,39541.822
1/15/2005 1:30,36369.953
1/15/2005 2:30,32676.867
1/15/2005 3:30,30031.226
1/15/2005 4:30,26716.3
1/15/2005 5:30,24675.882
1/15/2005 6:30,24103
1/15/2005 7:30,25035.907
1/15/2005 8:30,26755.64
1/15/2005 9:30,29912.323
1/15/2005 10:30,34991.435
1/15/2005 11:30,39918.805
1/15/2005 12:30,43022.172
1/15/2005 13:30,46200.303
1/15/2005 14:30,48614.998
1/15/2005 15:30,48804
1/15/2005 16:30,47338.928
1/15/2005 17:30,47443.242
1/15/2005 18:30,48256.288
1/15/2005 19:30,46432.606
1/15/2005 20:30,44573.049
1/15/2005 21:30,44424.943
1/15/2005 22:30,42881.47
1/15/2005 23:30,42708.612
1/16/2005 0:30,41804.792
1/16/2005 1:30,38624.961
1/16/2005 2:30,35508.176
1/16/2005 3:30,31981.714
1/16/2005 4:30,29676.683
1/16/2005 5:30,27855.241
1/16/2005 6:30,25890.291
1/16/2005 7:30,25271.115
1/16/2005 8:30,25763.44
1/16/2005 9:30,29307.437
1/16/2005 10:30,35653.139
1/16/2005 11:30,40418.776
1/16/2005 12:30,44502.169
1/16/2005 13:30,48511.75
1/16/2005 14:30,51597.435
1/16/2005 15:30,52835.384
1/16/2005 16:30,54001.436
1/16/2005 17:30,52162.66
1/16/2005 18:30,51823.495
1/16/2005 19:30,49528.352
1/16/2005 20:30,48228.811
1/16/2005 21:30,46465.78
1/16/2005 22:30,45900.697
1/16/2005 23:30,43597.901
1/17/2005 0:30,39031.181
1/17/2005 1:30,33858.064
1/17/2005 2:30,30378.535
1/17/2005 3:30,27570.667
1/17/2005 4:30,24791.568
1/17/2005 5:30,23937.978
1/17/2005 6:30,25371.364
1/17/2005 7:30,31794.255
1/17/2005 8:30,53095.115
1/17/2005 9:30,70836.868
1/17/2005 10:30,80240.203
1/17/2005 11:30,86194.282
1/17/2005 12:30,88114.516
1/17/2005 13:30,91497.415
1/17/2005 14:30,91236.627
1/17/2005 15:30,86146
1/17/2005 16:30,75096.557
1/17/2005 17:30,65621.994
1/17/2005 18:30,61962.989
1/17/2005 19:30,58191.774
1/17/2005 20:30,55610.998
1/17/2005 21:30,52916.798
1/17/2005 22:30,51392.656
1/17/2005 23:30,47291.624
1/18/2005 0:30,44060
1/18/2005 1:30,40101
1/18/2005 2:30,36330.336
1/18/2005 3:30,33388.683
1/18/2005 4:30,30884.998
1/18/2005 5:30,29121.567
1/18/2005 6:30,28727.922
1/18/2005 7:30,32877.664
1/18/2005 8:30,52992.394
1/18/2005 9:30,70739.936
1/18/2005 10:30,79420.901
1/18/2005 11:30,87514.441
1/18/2005 12:30,89891.392
1/18/2005 13:30,92363
1/18/2005 14:30,89571.902
1/18/2005 15:30,85473.407
1/18/2005 16:30,77338.43
1/18/2005 17:30,69810.495
1/18/2005 18:30,66369.91
1/18/2005 19:30,64685.894
1/18/2005 20:30,60561.428
1/18/2005 21:30,56976.181
1/18/2005 22:30,55580.169
1/18/2005 23:30,51060.461
1/19/2005 0:30,45823.617
1/19/2005 1:30,40641.572
1/19/2005 2:30,36518.392
1/19/2005 3:30,32445.851
1/19/2005 4:30,30447.445
1/19/2005 5:30,30336.597
1/19/2005 6:30,30074.836
1/19/2005 7:30,35615.377
1/19/2005 8:30,56472.92
1/19/2005 9:30,74758.278
1/19/2005 10:30,80625.153
1/19/2005 11:30,84952.953
1/19/2005 12:30,85951.812
1/19/2005 13:30,90552.315
1/19/2005 14:30,90306.249
1/19/2005 15:30,83041.814
1/19/2005 16:30,76304.773
1/19/2005 17:30,66001.098
1/19/2005 18:30,62987.519
1/19/2005 19:30,60288
1/19/2005 20:30,57135.185
1/19/2005 21:30,54699.21
1/19/2005 22:30,52807.261
1/19/2005 23:30,50730.914
1/20/2005 0:30,46539.164
1/20/2005 1:30,40666.338
1/20/2005 2:30,34759.708
1/20/2005 3:30,31370.575
1/20/2005 4:30,29680
1/20/2005 5:30,28741.325
1/20/2005 6:30,28500.807
1/20/2005 7:30,35317.737
1/20/2005 8:30,55254.216
1/20/2005 9:30,72645.523
1/20/2005 10:30,80896.92
1/20/2005 11:30,86851.622
1/20/2005 12:30,87708.614
1/20/2005 13:30,93628.165
1/20/2005 14:30,91876.782
1/20/2005 15:30,87007.913
1/20/2005 16:30,75656.404
1/20/2005 17:30,66156
1/20/2005 18:30,62986.301
1/20/2005 19:30,59824.653
1/20/2005 20:30,57246.761
1/20/2005 21:30,54641.566
1/20/2005 22:30,53266.723
1/20/2005 23:30,50580.132
1/21/2005 0:30,45983.441
1/21/2005 1:30,42238.828
1/21/2005 2:30,38320.265
1/21/2005 3:30,34378.552
1/21/2005 4:30,31930.523
1/21/2005 5:30,31510.425
1/21/2005 6:30,30830.23
1/21/2005 7:30,35902.669
1/21/2005 8:30,55222.436
1/21/2005 9:30,73560.819
1/21/2005 10:30,80111
1/21/2005 11:30,83003.728
1/21/2005 12:30,81437.142
1/21/2005 13:30,84477.901
1/21/2005 14:30,83847.391
1/21/2005 15:30,76707.985
1/21/2005 16:30,63239.84
1/21/2005 17:30,56832
1/21/2005 18:30,56307.906
1/21/2005 19:30,53412.412
1/21/2005 20:30,50746.727
1/21/2005 21:30,48662.291
1/21/2005 22:30,48201.778
1/21/2005 23:30,46673.46
1/22/2005 0:30,44128.232
1/22/2005 1:30,41771.587
1/22/2005 2:30,37995.398
1/22/2005 3:30,34546.829
1/22/2005 4:30,32936.932
1/22/2005 5:30,30847.34
1/22/2005 6:30,29459.922
1/22/2005 7:30,29911.553
1/22/2005 8:30,31444.827
1/22/2005 9:30,35694.522
1/22/2005 10:30,39791.496
1/22/2005 11:30,42715.049
1/22/2005 12:30,47104.109
1/22/2005 13:30,49775.49
1/22/2005 14:30,52201.753
1/22/2005 15:30,54156.064
1/22/2005 16:30,52505.793
1/22/2005 17:30,52525.488
1/22/2005 18:30,52706.984
1/22/2005 19:30,52141.709
1/22/2005 20:30,50541.782
1/22/2005 21:30,49768.606
1/22/2005 22:30,48578.744
1/22/2005 23:30,47224.947
1/23/2005 0:30,44891.579
1/23/2005 1:30,42296.246
1/23/2005 2:30,39147.617
1/23/2005 3:30,36170.345
1/23/2005 4:30,33863.084
1/23/2005 5:30,32177.069
1/23/2005 6:30,29927.823
1/23/2005 7:30,28949.303
1/23/2005 8:30,30533.191
1/23/2005 9:30,33938.943
1/23/2005 10:30,38569.109
1/23/2005 11:30,43021.251
1/23/2005 12:30,46883.178
1/23/2005 13:30,51258.825
1/23/2005 14:30,54241.936
1/23/2005 15:30,54742.083
1/23/2005 16:30,55396.632
1/23/2005 17:30,53526.387
1/23/2005 18:30,53737.436
1/23/2005 19:30,52364.534
1/23/2005 20:30,50889.499
1/23/2005 21:30,50394.978
1/23/2005 22:30,48893.249
1/23/2005 23:30,48200.209